{"cameraMode":{"drawMode":0,"name":"Shaded","section":"Shading Mode"},"sceneLighting":true,"audioPlay":false,"sceneViewState":{"showFog":true,"showMaterialUpdate":false,"showSkybox":false,"showFlares":true,"showImageEffects":true,"showParticleSystems":true},"in2DMode":false,"pivot":{"x":34.47480010986328,"y":1.83194899559021,"z":-1.225527048110962},"rotation":{"x":0.13458645343780518,"y":-0.835090696811676,"z":0.23462645709514619,"w":0.4790242612361908},"size":7.436563491821289,"orthographic":false}