{"cameraMode":{"drawMode":0,"name":"Shaded","section":"Shading Mode"},"sceneLighting":false,"audioPlay":false,"sceneViewState":{"showFog":true,"showMaterialUpdate":false,"showSkybox":false,"showFlares":true,"showImageEffects":true,"showParticleSystems":true},"in2DMode":false,"pivot":{"x":-1.1498796939849854,"y":0.5509729385375977,"z":0.5198457837104797},"rotation":{"x":-0.011127082630991936,"y":0.6705058813095093,"z":-0.010058173909783364,"w":-0.7417562007904053},"size":2.9523401260375978,"orthographic":false}