{"cameraMode":{"drawMode":0,"name":"Shaded","section":"Shading Mode"},"sceneLighting":false,"audioPlay":false,"sceneViewState":{"showFog":true,"showMaterialUpdate":false,"showSkybox":false,"showFlares":true,"showImageEffects":true,"showParticleSystems":true},"in2DMode":false,"pivot":{"x":5.997298717498779,"y":1.2239201068878174,"z":-9.842737197875977},"rotation":{"x":0.18282116949558259,"y":0.5897611975669861,"z":-0.1392701417207718,"w":0.7741847634315491},"size":6.244107723236084,"orthographic":false}