{"cameraMode":{"drawMode":0,"name":"Shaded","section":"Shading Mode"},"sceneLighting":false,"audioPlay":false,"sceneViewState":{"showFog":true,"showMaterialUpdate":false,"showSkybox":false,"showFlares":true,"showImageEffects":true,"showParticleSystems":true},"in2DMode":false,"pivot":{"x":14.606752395629883,"y":2.115382671356201,"z":-14.873018264770508},"rotation":{"x":-0.023026449605822564,"y":0.9524374008178711,"z":-0.07444125413894654,"w":-0.2946230471134186},"size":4.41105842590332,"orthographic":false}